OrderItemID,SalesID,ProductID,Quantity,Price (MYR)
OI001,S001,PRD005,1,49.9
OI002,S001,PRD004,1,49.9
OI003,S002,PRD006,1,49.9
OI004,S002,PRD003,1,39.9
OI005,S003,PRD003,1,39.9
OI006,S003,PRD004,2,49.9
OI007,S004,PRD005,1,49.9
OI008,S005,PRD004,1,49.9
OI009,S005,PRD002,1,39.9
OI010,S006,PRD005,1,49.9
OI011,S007,PRD002,1,39.9
OI012,S008,PRD002,2,39.9
OI013,S008,PRD003,1,39.9
OI014,S009,PRD004,2,49.9
OI015,S010,PRD006,2,49.9
OI016,S011,PRD004,2,49.9
OI017,S012,PRD002,1,39.9
OI018,S013,PRD001,2,39.9
OI019,S013,PRD005,2,49.9
OI020,S014,PRD005,2,49.9
OI021,S014,PRD005,2,49.9
OI022,S015,PRD005,1,49.9
OI023,S016,PRD006,1,49.9
OI024,S017,PRD004,1,49.9
OI025,S018,PRD001,2,39.9
OI026,S019,PRD006,1,49.9
OI027,S020,PRD005,2,49.9
OI028,S020,PRD001,2,39.9
OI029,S021,PRD003,2,39.9
OI030,S022,PRD001,1,39.9
OI031,S022,PRD004,2,49.9
OI032,S023,PRD006,2,49.9
OI033,S024,PRD006,1,49.9
OI034,S025,PRD002,1,39.9
OI035,S025,PRD005,2,49.9
OI036,S026,PRD003,1,39.9
OI037,S027,PRD002,1,39.9
OI038,S027,PRD003,2,39.9
OI039,S028,PRD004,1,49.9
OI040,S029,PRD006,1,49.9
OI041,S029,PRD004,1,49.9
OI042,S030,PRD006,2,49.9
OI043,S030,PRD003,2,39.9
OI044,S031,PRD001,2,39.9
OI045,S031,PRD003,2,39.9
OI046,S032,PRD006,1,49.9
OI047,S033,PRD003,1,39.9
OI048,S034,PRD006,2,49.9
OI049,S035,PRD006,1,49.9
OI050,S035,PRD004,1,49.9
OI051,S036,PRD006,1,49.9
OI052,S036,PRD004,2,49.9
OI053,S037,PRD005,2,49.9
OI054,S038,PRD005,1,49.9
OI055,S039,PRD006,1,49.9
OI056,S040,PRD004,1,49.9
OI057,S040,PRD001,1,39.9
OI058,S041,PRD003,1,39.9
OI059,S041,PRD005,2,49.9
OI060,S042,PRD006,1,49.9
OI061,S043,PRD006,2,49.9
OI062,S044,PRD006,2,49.9
OI063,S045,PRD003,2,39.9
OI064,S046,PRD004,2,49.9
OI065,S046,PRD006,1,49.9
OI066,S047,PRD005,1,49.9
OI067,S047,PRD005,1,49.9
OI068,S048,PRD002,2,39.9
OI069,S048,PRD003,2,39.9
OI070,S049,PRD004,2,49.9
OI071,S050,PRD005,1,49.9
OI072,S050,PRD002,1,39.9
OI073,S051,PRD004,2,49.9
OI074,S052,PRD004,2,49.9
OI075,S053,PRD004,1,49.9
OI076,S053,PRD006,1,49.9
OI077,S054,PRD001,2,39.9
OI078,S055,PRD001,1,39.9
OI079,S056,PRD002,1,39.9
OI080,S056,PRD006,1,49.9
OI081,S057,PRD004,2,49.9
OI082,S058,PRD006,2,49.9
OI083,S058,PRD006,2,49.9
OI084,S059,PRD006,1,49.9
OI085,S059,PRD005,1,49.9
OI086,S060,PRD004,1,49.9
OI087,S061,PRD004,1,49.9
OI088,S062,PRD001,1,39.9
OI089,S063,PRD006,1,49.9
OI090,S063,PRD001,1,39.9
OI091,S064,PRD004,2,49.9
OI092,S065,PRD006,2,49.9
OI093,S065,PRD003,2,39.9
OI094,S066,PRD006,2,49.9
OI095,S067,PRD006,1,49.9
OI096,S067,PRD005,2,49.9
OI097,S068,PRD001,1,39.9
OI098,S069,PRD004,2,49.9
OI099,S069,PRD001,2,39.9
OI100,S070,PRD004,1,49.9
OI101,S071,PRD004,2,49.9
OI102,S071,PRD005,2,49.9
OI103,S072,PRD002,2,39.9
OI104,S073,PRD004,2,49.9
OI105,S074,PRD001,2,39.9
OI106,S075,PRD004,2,49.9
OI107,S075,PRD003,1,39.9
OI108,S076,PRD003,2,39.9
OI109,S077,PRD005,2,49.9
OI110,S077,PRD001,2,39.9
OI111,S078,PRD003,2,39.9
OI112,S079,PRD006,2,49.9
OI113,S080,PRD006,2,49.9
OI114,S080,PRD005,2,49.9
OI115,S081,PRD001,2,39.9
OI116,S081,PRD004,2,49.9
OI117,S082,PRD005,2,49.9
OI118,S083,PRD004,2,49.9
OI119,S084,PRD006,2,49.9
OI120,S085,PRD006,1,49.9
OI121,S086,PRD003,1,39.9
OI122,S087,PRD001,2,39.9
OI123,S088,PRD006,1,49.9
OI124,S089,PRD006,2,49.9
OI125,S090,PRD004,1,49.9
OI126,S091,PRD005,1,49.9
OI127,S091,PRD003,2,39.9
OI128,S092,PRD001,1,39.9
OI129,S093,PRD004,1,49.9
OI130,S094,PRD001,1,39.9
OI131,S095,PRD003,2,39.9
OI132,S096,PRD004,1,49.9
OI133,S097,PRD004,1,49.9
OI134,S098,PRD005,2,49.9
OI135,S099,PRD005,2,49.9
OI136,S100,PRD002,2,39.9
OI137,S101,PRD004,2,49.9
OI138,S102,PRD006,2,49.9
OI139,S102,PRD001,1,39.9
OI140,S103,PRD004,2,49.9
OI141,S104,PRD004,1,49.9
OI142,S104,PRD004,1,49.9
OI143,S105,PRD004,1,49.9
OI144,S106,PRD003,1,39.9
OI145,S106,PRD005,2,49.9
OI146,S107,PRD005,1,49.9
OI147,S108,PRD003,1,39.9
OI148,S109,PRD003,2,39.9
OI149,S109,PRD003,1,39.9
OI150,S110,PRD005,2,49.9
OI151,S111,PRD005,1,49.9
OI152,S112,PRD003,2,39.9
OI153,S113,PRD002,2,39.9
OI154,S113,PRD003,1,39.9
OI155,S114,PRD002,1,39.9
OI156,S115,PRD001,2,39.9
OI157,S115,PRD005,2,49.9
OI158,S116,PRD003,1,39.9
OI159,S116,PRD005,1,49.9
OI160,S117,PRD004,2,49.9
OI161,S118,PRD005,1,49.9
OI162,S118,PRD002,2,39.9
OI163,S119,PRD006,2,49.9
OI164,S119,PRD005,2,49.9
OI165,S120,PRD004,1,49.9
OI166,S121,PRD001,1,39.9
OI167,S122,PRD001,2,39.9
OI168,S122,PRD003,2,39.9
OI169,S123,PRD006,1,49.9
OI170,S123,PRD001,2,39.9
OI171,S124,PRD001,2,39.9
OI172,S124,PRD006,2,49.9
OI173,S125,PRD004,2,49.9
OI174,S125,PRD005,1,49.9
OI175,S126,PRD002,2,39.9
OI176,S127,PRD005,2,49.9
OI177,S128,PRD001,2,39.9
OI178,S128,PRD003,2,39.9
OI179,S129,PRD004,1,49.9
OI180,S129,PRD002,2,39.9
OI181,S130,PRD003,1,39.9
OI182,S130,PRD001,1,39.9
OI183,S131,PRD005,2,49.9
OI184,S132,PRD005,2,49.9
OI185,S133,PRD002,2,39.9
OI186,S133,PRD001,1,39.9
OI187,S134,PRD005,2,49.9
OI188,S134,PRD001,1,39.9
OI189,S135,PRD003,2,39.9
OI190,S135,PRD004,1,49.9
OI191,S136,PRD001,1,39.9
OI192,S136,PRD006,1,49.9
OI193,S137,PRD002,2,39.9
OI194,S137,PRD001,1,39.9
OI195,S138,PRD001,2,39.9
OI196,S139,PRD004,1,49.9
OI197,S139,PRD004,1,49.9
OI198,S140,PRD006,2,49.9
OI199,S140,PRD002,2,39.9
OI200,S141,PRD001,2,39.9
OI201,S141,PRD004,2,49.9
OI202,S142,PRD003,2,39.9
OI203,S143,PRD001,2,39.9
OI204,S143,PRD006,2,49.9
OI205,S144,PRD003,2,39.9
OI206,S145,PRD003,2,39.9
OI207,S145,PRD001,2,39.9
OI208,S146,PRD001,1,39.9
OI209,S146,PRD002,1,39.9
OI210,S147,PRD003,1,39.9
OI211,S148,PRD002,1,39.9
OI212,S148,PRD005,2,49.9
OI213,S149,PRD002,2,39.9
OI214,S150,PRD002,1,39.9
OI215,S151,PRD003,2,39.9
OI216,S152,PRD002,1,39.9
OI217,S153,PRD001,2,39.9
OI218,S153,PRD001,2,39.9
OI219,S154,PRD001,1,39.9
OI220,S155,PRD001,1,39.9
OI221,S155,PRD006,1,49.9
OI222,S156,PRD001,2,39.9
OI223,S156,PRD002,2,39.9
OI224,S157,PRD001,1,39.9
OI225,S158,PRD004,2,49.9
OI226,S159,PRD005,2,49.9
OI227,S160,PRD003,1,39.9
OI228,S160,PRD003,1,39.9
OI229,S161,PRD004,2,49.9
OI230,S161,PRD002,1,39.9
OI231,S162,PRD001,1,39.9
OI232,S163,PRD002,1,39.9
OI233,S164,PRD003,1,39.9
OI234,S164,PRD006,2,49.9
OI235,S165,PRD003,1,39.9
OI236,S166,PRD005,2,49.9
OI237,S167,PRD001,1,39.9
OI238,S167,PRD002,2,39.9
OI239,S168,PRD001,1,39.9
OI240,S169,PRD003,1,39.9
OI241,S169,PRD005,1,49.9
OI242,S170,PRD002,1,39.9
OI243,S170,PRD005,1,49.9
OI244,S171,PRD006,1,49.9
OI245,S172,PRD005,2,49.9
OI246,S172,PRD003,2,39.9
OI247,S173,PRD005,2,49.9
OI248,S174,PRD006,1,49.9
OI249,S175,PRD005,2,49.9
OI250,S175,PRD004,1,49.9
OI251,S176,PRD002,2,39.9
OI252,S176,PRD006,2,49.9
OI253,S177,PRD005,2,49.9
OI254,S177,PRD002,2,39.9
OI255,S178,PRD002,1,39.9
OI256,S179,PRD003,1,39.9
OI257,S180,PRD006,2,49.9
OI258,S180,PRD001,2,39.9
OI259,S181,PRD005,2,49.9
OI260,S182,PRD004,1,49.9
OI261,S182,PRD002,1,39.9
OI262,S183,PRD006,2,49.9
OI263,S184,PRD006,1,49.9
OI264,S184,PRD005,2,49.9
OI265,S185,PRD004,1,49.9
OI266,S185,PRD002,2,39.9
OI267,S186,PRD001,2,39.9
OI268,S187,PRD004,1,49.9
OI269,S187,PRD005,2,49.9
OI270,S188,PRD006,2,49.9
OI271,S189,PRD006,2,49.9
OI272,S190,PRD006,1,49.9
OI273,S190,PRD002,1,39.9
OI274,S191,PRD001,1,39.9
OI275,S192,PRD003,1,39.9
OI276,S192,PRD004,2,49.9
OI277,S193,PRD005,2,49.9
OI278,S193,PRD002,2,39.9
OI279,S194,PRD002,1,39.9
OI280,S194,PRD002,2,39.9
OI281,S195,PRD006,2,49.9
OI282,S196,PRD001,1,39.9
OI283,S196,PRD006,2,49.9
OI284,S197,PRD001,2,39.9
OI285,S197,PRD004,2,49.9
OI286,S198,PRD003,1,39.9
OI287,S199,PRD001,1,39.9
OI288,S200,PRD002,2,39.9
OI289,S200,PRD005,1,49.9
OI290,S201,PRD003,1,39.9
OI291,S201,PRD001,1,39.9
OI292,S202,PRD003,2,39.9
OI293,S203,PRD005,1,49.9
OI294,S204,PRD003,1,39.9
OI295,S205,PRD004,1,49.9
OI296,S205,PRD004,2,49.9
OI297,S206,PRD001,1,39.9
OI298,S207,PRD002,2,39.9
OI299,S208,PRD002,2,39.9
OI300,S209,PRD002,2,39.9
OI301,S209,PRD006,1,49.9
OI302,S210,PRD005,2,49.9
OI303,S211,PRD002,2,39.9
OI304,S211,PRD003,2,39.9
OI305,S212,PRD003,2,39.9
OI306,S212,PRD001,2,39.9
OI307,S213,PRD004,1,49.9
OI308,S214,PRD006,2,49.9
OI309,S214,PRD003,2,39.9
OI310,S215,PRD001,2,39.9
OI311,S216,PRD006,1,49.9
OI312,S217,PRD002,1,39.9
OI313,S218,PRD006,1,49.9
OI314,S218,PRD006,2,49.9
OI315,S219,PRD006,1,49.9
OI316,S219,PRD003,1,39.9
OI317,S220,PRD004,2,49.9
OI318,S221,PRD001,2,39.9
OI319,S222,PRD006,1,49.9
OI320,S223,PRD004,1,49.9
OI321,S224,PRD006,2,49.9
OI322,S224,PRD003,2,39.9
OI323,S225,PRD003,1,39.9
OI324,S225,PRD005,1,49.9
OI325,S226,PRD006,2,49.9
OI326,S227,PRD002,1,39.9
OI327,S228,PRD005,1,49.9
OI328,S229,PRD001,1,39.9
OI329,S230,PRD005,1,49.9
OI330,S230,PRD003,2,39.9
OI331,S231,PRD005,1,49.9
OI332,S231,PRD002,1,39.9
OI333,S232,PRD002,2,39.9
OI334,S233,PRD002,2,39.9
OI335,S233,PRD004,2,49.9
OI336,S234,PRD005,2,49.9
OI337,S235,PRD005,2,49.9
OI338,S235,PRD002,2,39.9
OI339,S236,PRD003,2,39.9
OI340,S236,PRD002,2,39.9
OI341,S237,PRD003,2,39.9
OI342,S238,PRD003,2,39.9
OI343,S238,PRD002,2,39.9
OI344,S239,PRD005,2,49.9
OI345,S239,PRD003,2,39.9
OI346,S240,PRD003,2,39.9
OI347,S241,PRD006,1,49.9
OI348,S241,PRD006,1,49.9
OI349,S242,PRD005,1,49.9
OI350,S242,PRD006,2,49.9
OI351,S243,PRD003,1,39.9
OI352,S243,PRD002,1,39.9
OI353,S244,PRD004,2,49.9
OI354,S244,PRD001,1,39.9
OI355,S245,PRD005,2,49.9
OI356,S246,PRD003,2,39.9
OI357,S247,PRD005,2,49.9
OI358,S248,PRD003,2,39.9
OI359,S249,PRD003,1,39.9
OI360,S249,PRD001,1,39.9
OI361,S250,PRD005,1,49.9
OI362,S251,PRD006,2,49.9
OI363,S252,PRD002,1,39.9
OI364,S252,PRD003,1,39.9
OI365,S253,PRD001,1,39.9
OI366,S253,PRD003,2,39.9
OI367,S254,PRD003,1,39.9
OI368,S254,PRD002,1,39.9
OI369,S255,PRD003,1,39.9
OI370,S256,PRD005,1,49.9
OI371,S257,PRD001,1,39.9
OI372,S257,PRD004,2,49.9
OI373,S258,PRD001,1,39.9
OI374,S258,PRD006,2,49.9
OI375,S259,PRD002,1,39.9
OI376,S260,PRD004,1,49.9
OI377,S260,PRD002,1,39.9
OI378,S261,PRD001,1,39.9
OI379,S261,PRD001,2,39.9
OI380,S262,PRD006,1,49.9
OI381,S262,PRD003,2,39.9
OI382,S263,PRD002,1,39.9
OI383,S264,PRD001,1,39.9
OI384,S264,PRD006,1,49.9
OI385,S265,PRD004,1,49.9
OI386,S265,PRD004,2,49.9
OI387,S266,PRD003,2,39.9
OI388,S267,PRD004,2,49.9
OI389,S267,PRD002,2,39.9
OI390,S268,PRD003,1,39.9
OI391,S269,PRD004,1,49.9
OI392,S270,PRD005,1,49.9
OI393,S270,PRD006,2,49.9
OI394,S271,PRD003,2,39.9
OI395,S272,PRD001,2,39.9
OI396,S272,PRD001,1,39.9
OI397,S273,PRD001,1,39.9
OI398,S273,PRD006,1,49.9
OI399,S274,PRD005,1,49.9
OI400,S275,PRD005,1,49.9
OI401,S276,PRD002,2,39.9
OI402,S276,PRD003,2,39.9
OI403,S277,PRD003,2,39.9
OI404,S277,PRD006,2,49.9
OI405,S278,PRD002,2,39.9
OI406,S278,PRD006,2,49.9
OI407,S279,PRD002,2,39.9
OI408,S279,PRD005,2,49.9
OI409,S280,PRD005,2,49.9
OI410,S281,PRD003,2,39.9
OI411,S281,PRD001,2,39.9
OI412,S282,PRD005,2,49.9
OI413,S283,PRD004,1,49.9
OI414,S283,PRD006,2,49.9
OI415,S284,PRD006,1,49.9
OI416,S284,PRD004,2,49.9
OI417,S285,PRD002,1,39.9
OI418,S285,PRD006,2,49.9
OI419,S286,PRD003,2,39.9
OI420,S287,PRD005,1,49.9
OI421,S288,PRD004,1,49.9
OI422,S289,PRD001,1,39.9
OI423,S289,PRD005,1,49.9
OI424,S290,PRD001,2,39.9
OI425,S291,PRD002,1,39.9
OI426,S291,PRD005,2,49.9
OI427,S292,PRD005,1,49.9
OI428,S292,PRD006,1,49.9
OI429,S293,PRD004,2,49.9
OI430,S294,PRD004,2,49.9
OI431,S295,PRD006,1,49.9
OI432,S295,PRD003,1,39.9
OI433,S296,PRD004,1,49.9
OI434,S296,PRD003,2,39.9
OI435,S297,PRD005,1,49.9
OI436,S297,PRD006,2,49.9
OI437,S298,PRD006,1,49.9
OI438,S298,PRD005,2,49.9
OI439,S299,PRD001,2,39.9
OI440,S300,PRD002,2,39.9
OI441,S300,PRD003,2,39.9
OI442,S301,PRD003,2,39.9
OI443,S301,PRD002,2,39.9
OI444,S302,PRD001,2,39.9
OI445,S302,PRD005,2,49.9
OI446,S303,PRD005,2,49.9
OI447,S304,PRD003,1,39.9
OI448,S305,PRD006,2,49.9
OI449,S305,PRD004,2,49.9
OI450,S306,PRD004,2,49.9
OI451,S307,PRD004,1,49.9
OI452,S307,PRD006,1,49.9
OI453,S308,PRD002,1,39.9
OI454,S309,PRD002,1,39.9
OI455,S310,PRD005,2,49.9
OI456,S310,PRD002,1,39.9
OI457,S311,PRD005,1,49.9
OI458,S311,PRD002,2,39.9
OI459,S312,PRD002,2,39.9
OI460,S312,PRD002,1,39.9
OI461,S313,PRD004,2,49.9
OI462,S313,PRD001,2,39.9
OI463,S314,PRD003,2,39.9
OI464,S315,PRD006,1,49.9
OI465,S315,PRD003,1,39.9
OI466,S316,PRD006,2,49.9
OI467,S317,PRD004,1,49.9
OI468,S318,PRD006,1,49.9
OI469,S318,PRD001,1,39.9
OI470,S319,PRD005,2,49.9
OI471,S320,PRD005,2,49.9
OI472,S321,PRD005,2,49.9
OI473,S322,PRD003,1,39.9
OI474,S323,PRD004,1,49.9
OI475,S324,PRD004,2,49.9
OI476,S325,PRD002,1,39.9
OI477,S325,PRD005,1,49.9
OI478,S326,PRD003,2,39.9
OI479,S327,PRD006,2,49.9
OI480,S327,PRD004,2,49.9
OI481,S328,PRD001,1,39.9
OI482,S328,PRD006,1,49.9
OI483,S329,PRD006,2,49.9
OI484,S329,PRD001,2,39.9
OI485,S330,PRD002,1,39.9
OI486,S330,PRD006,1,49.9
OI487,S331,PRD005,2,49.9
OI488,S332,PRD006,1,49.9
OI489,S333,PRD001,1,39.9
OI490,S333,PRD003,1,39.9
OI491,S334,PRD004,1,49.9
OI492,S335,PRD006,1,49.9
OI493,S335,PRD003,2,39.9
OI494,S336,PRD004,1,49.9
OI495,S337,PRD002,2,39.9
OI496,S338,PRD003,1,39.9
OI497,S339,PRD003,1,39.9
OI498,S339,PRD005,1,49.9
OI499,S340,PRD006,2,49.9
OI500,S340,PRD002,2,39.9
OI501,S341,PRD005,1,49.9
OI502,S342,PRD004,1,49.9
OI503,S343,PRD001,2,39.9
OI504,S343,PRD004,2,49.9
OI505,S344,PRD002,2,39.9
OI506,S345,PRD006,2,49.9
OI507,S345,PRD004,2,49.9
OI508,S346,PRD001,1,39.9
OI509,S346,PRD001,2,39.9
OI510,S347,PRD002,1,39.9
OI511,S348,PRD004,2,49.9
OI512,S349,PRD002,1,39.9
OI513,S349,PRD003,2,39.9
OI514,S350,PRD003,1,39.9
OI515,S350,PRD001,1,39.9
OI516,S351,PRD006,1,49.9
OI517,S352,PRD003,1,39.9
OI518,S352,PRD006,2,49.9
OI519,S353,PRD006,2,49.9
OI520,S354,PRD004,1,49.9
OI521,S355,PRD004,2,49.9
OI522,S355,PRD004,2,49.9
OI523,S356,PRD006,1,49.9
OI524,S356,PRD002,2,39.9
OI525,S357,PRD004,2,49.9
OI526,S358,PRD005,1,49.9
OI527,S359,PRD002,1,39.9
OI528,S360,PRD004,1,49.9
OI529,S360,PRD001,1,39.9
OI530,S361,PRD004,1,49.9
OI531,S361,PRD004,2,49.9
OI532,S362,PRD006,1,49.9
OI533,S363,PRD001,1,39.9
OI534,S364,PRD003,1,39.9
OI535,S365,PRD004,2,49.9
OI536,S365,PRD001,1,39.9
OI537,S366,PRD003,2,39.9
OI538,S366,PRD001,2,39.9
OI539,S367,PRD003,1,39.9
OI540,S367,PRD002,1,39.9
OI541,S368,PRD006,2,49.9
OI542,S369,PRD001,2,39.9
OI543,S370,PRD005,2,49.9
OI544,S371,PRD006,2,49.9
OI545,S372,PRD005,1,49.9
OI546,S372,PRD003,2,39.9
OI547,S373,PRD004,2,49.9
OI548,S373,PRD002,2,39.9
OI549,S374,PRD003,2,39.9
OI550,S375,PRD005,1,49.9
OI551,S375,PRD003,1,39.9
OI552,S376,PRD003,2,39.9
OI553,S376,PRD002,1,39.9
OI554,S377,PRD002,2,39.9
OI555,S378,PRD005,2,49.9
OI556,S378,PRD006,1,49.9
OI557,S379,PRD005,1,49.9
OI558,S380,PRD006,2,49.9
OI559,S381,PRD001,1,39.9
OI560,S381,PRD001,1,39.9
OI561,S382,PRD004,1,49.9
OI562,S383,PRD004,2,49.9
OI563,S384,PRD005,2,49.9
OI564,S384,PRD005,2,49.9
OI565,S385,PRD003,2,39.9
OI566,S385,PRD004,2,49.9
OI567,S386,PRD006,1,49.9
OI568,S387,PRD001,1,39.9
OI569,S388,PRD003,1,39.9
OI570,S389,PRD005,2,49.9
OI571,S390,PRD005,2,49.9
OI572,S390,PRD006,2,49.9
OI573,S391,PRD004,1,49.9
OI574,S392,PRD001,1,39.9
OI575,S392,PRD004,2,49.9
OI576,S393,PRD003,2,39.9
OI577,S394,PRD002,1,39.9
OI578,S394,PRD006,2,49.9
OI579,S395,PRD003,1,39.9
OI580,S395,PRD004,2,49.9
OI581,S396,PRD002,2,39.9
OI582,S397,PRD005,1,49.9
OI583,S397,PRD004,2,49.9
OI584,S398,PRD002,2,39.9
OI585,S399,PRD004,2,49.9
OI586,S400,PRD002,2,39.9
OI587,S400,PRD006,2,49.9
OI588,S401,PRD003,1,39.9
OI589,S401,PRD005,1,49.9
OI590,S402,PRD004,2,49.9
OI591,S403,PRD001,2,39.9
OI592,S403,PRD006,1,49.9
OI593,S404,PRD004,2,49.9
OI594,S404,PRD006,2,49.9
OI595,S405,PRD001,1,39.9
OI596,S406,PRD005,2,49.9
OI597,S406,PRD006,1,49.9
OI598,S407,PRD004,2,49.9
OI599,S407,PRD001,1,39.9
OI600,S408,PRD006,1,49.9
OI601,S408,PRD004,1,49.9
OI602,S409,PRD003,1,39.9
OI603,S409,PRD004,1,49.9
OI604,S410,PRD005,1,49.9
OI605,S410,PRD003,1,39.9
OI606,S411,PRD004,1,49.9
OI607,S412,PRD003,2,39.9
OI608,S412,PRD003,2,39.9
OI609,S413,PRD006,1,49.9
OI610,S414,PRD004,2,49.9
OI611,S414,PRD002,2,39.9
OI612,S415,PRD001,2,39.9
OI613,S416,PRD003,2,39.9
OI614,S416,PRD006,2,49.9
OI615,S417,PRD001,1,39.9
OI616,S418,PRD003,1,39.9
OI617,S419,PRD004,2,49.9
OI618,S420,PRD002,1,39.9
OI619,S420,PRD002,1,39.9
OI620,S421,PRD006,1,49.9
OI621,S421,PRD006,2,49.9
OI622,S422,PRD001,2,39.9
OI623,S423,PRD004,1,49.9
OI624,S423,PRD002,2,39.9
OI625,S424,PRD006,2,49.9
OI626,S424,PRD001,2,39.9
OI627,S425,PRD006,1,49.9
OI628,S425,PRD004,2,49.9
OI629,S426,PRD002,1,39.9
OI630,S426,PRD003,2,39.9
OI631,S427,PRD005,1,49.9
OI632,S428,PRD002,1,39.9
OI633,S429,PRD003,2,39.9
OI634,S429,PRD001,2,39.9
OI635,S430,PRD001,2,39.9
OI636,S431,PRD002,2,39.9
OI637,S431,PRD004,2,49.9
OI638,S432,PRD001,2,39.9
OI639,S432,PRD003,2,39.9
OI640,S433,PRD003,1,39.9
OI641,S434,PRD002,2,39.9
OI642,S434,PRD006,2,49.9
OI643,S435,PRD002,2,39.9
OI644,S435,PRD001,1,39.9
OI645,S436,PRD004,1,49.9
OI646,S436,PRD002,2,39.9
OI647,S437,PRD004,1,49.9
OI648,S437,PRD006,1,49.9
OI649,S438,PRD006,2,49.9
OI650,S439,PRD004,1,49.9
OI651,S439,PRD004,1,49.9
OI652,S440,PRD001,2,39.9
OI653,S440,PRD001,2,39.9
OI654,S441,PRD006,2,49.9
OI655,S441,PRD005,2,49.9
OI656,S442,PRD001,1,39.9
OI657,S442,PRD003,1,39.9
OI658,S443,PRD004,2,49.9
OI659,S444,PRD003,1,39.9
OI660,S444,PRD002,1,39.9
OI661,S445,PRD003,1,39.9
OI662,S446,PRD001,1,39.9
OI663,S447,PRD006,1,49.9
OI664,S448,PRD004,1,49.9
OI665,S448,PRD005,2,49.9
OI666,S449,PRD004,2,49.9
OI667,S450,PRD004,2,49.9
OI668,S451,PRD004,2,49.9
OI669,S451,PRD002,1,39.9
OI670,S452,PRD001,2,39.9
OI671,S453,PRD003,2,39.9
OI672,S453,PRD003,1,39.9
OI673,S454,PRD003,1,39.9
OI674,S455,PRD003,1,39.9
OI675,S456,PRD006,2,49.9
OI676,S457,PRD004,1,49.9
OI677,S458,PRD004,1,49.9
OI678,S458,PRD001,2,39.9
OI679,S459,PRD006,1,49.9
OI680,S459,PRD005,2,49.9
OI681,S460,PRD001,1,39.9
OI682,S460,PRD002,2,39.9
OI683,S461,PRD002,1,39.9
OI684,S462,PRD004,1,49.9
OI685,S463,PRD002,2,39.9
OI686,S464,PRD005,2,49.9
OI687,S464,PRD001,2,39.9
OI688,S465,PRD002,2,39.9
OI689,S465,PRD006,2,49.9
OI690,S466,PRD003,2,39.9
OI691,S467,PRD005,1,49.9
OI692,S468,PRD005,1,49.9
OI693,S468,PRD005,1,49.9
OI694,S469,PRD003,2,39.9
OI695,S470,PRD003,1,39.9
OI696,S470,PRD006,1,49.9
OI697,S471,PRD004,1,49.9
OI698,S471,PRD002,2,39.9
OI699,S472,PRD004,2,49.9
OI700,S472,PRD005,2,49.9
OI701,S473,PRD003,1,39.9
OI702,S474,PRD003,2,39.9
OI703,S475,PRD002,1,39.9
OI704,S475,PRD002,1,39.9
OI705,S476,PRD002,2,39.9
OI706,S476,PRD004,1,49.9
OI707,S477,PRD004,2,49.9
OI708,S478,PRD002,2,39.9
OI709,S478,PRD003,1,39.9
OI710,S479,PRD003,2,39.9
OI711,S479,PRD001,1,39.9
OI712,S480,PRD005,1,49.9
OI713,S480,PRD006,2,49.9
OI714,S481,PRD006,2,49.9
OI715,S481,PRD001,1,39.9
OI716,S482,PRD001,2,39.9
OI717,S482,PRD001,2,39.9
OI718,S483,PRD006,1,49.9
OI719,S484,PRD005,2,49.9
OI720,S484,PRD001,1,39.9
OI721,S485,PRD002,2,39.9
OI722,S486,PRD001,2,39.9
OI723,S487,PRD003,1,39.9
OI724,S488,PRD006,1,49.9
OI725,S488,PRD001,2,39.9
OI726,S489,PRD006,1,49.9
OI727,S490,PRD005,2,49.9
OI728,S491,PRD005,1,49.9
OI729,S492,PRD002,1,39.9
OI730,S492,PRD001,1,39.9
OI731,S493,PRD004,1,49.9
OI732,S493,PRD002,1,39.9
OI733,S494,PRD004,2,49.9
OI734,S495,PRD001,2,39.9
OI735,S496,PRD004,2,49.9
OI736,S497,PRD004,2,49.9
OI737,S497,PRD004,1,49.9
OI738,S498,PRD003,1,39.9
OI739,S498,PRD006,2,49.9
OI740,S499,PRD002,1,39.9
OI741,S500,PRD005,1,49.9
OI742,S500,PRD006,2,49.9
OI743,S501,PRD005,2,49.9
OI744,S502,PRD005,2,49.9
OI745,S502,PRD001,1,39.9
OI746,S503,PRD003,1,39.9
OI747,S503,PRD002,1,39.9
OI748,S504,PRD004,2,49.9
OI749,S505,PRD001,2,39.9
OI750,S505,PRD004,1,49.9
OI751,S506,PRD004,2,49.9
OI752,S507,PRD003,2,39.9
OI753,S508,PRD006,1,49.9
OI754,S508,PRD002,2,39.9
OI755,S509,PRD004,1,49.9
OI756,S510,PRD004,1,49.9
OI757,S511,PRD002,1,39.9
OI758,S511,PRD005,1,49.9
OI759,S512,PRD006,1,49.9
OI760,S513,PRD006,2,49.9
OI761,S513,PRD002,1,39.9
OI762,S514,PRD006,2,49.9
OI763,S514,PRD004,1,49.9
OI764,S515,PRD006,2,49.9
OI765,S516,PRD001,1,39.9
OI766,S517,PRD003,2,39.9
OI767,S518,PRD003,1,39.9
OI768,S519,PRD005,2,49.9
OI769,S520,PRD003,1,39.9
OI770,S520,PRD004,2,49.9
OI771,S521,PRD003,1,39.9
OI772,S521,PRD001,2,39.9
OI773,S522,PRD003,2,39.9
OI774,S523,PRD004,2,49.9
OI775,S523,PRD001,1,39.9
OI776,S524,PRD006,2,49.9
OI777,S525,PRD006,1,49.9
OI778,S525,PRD005,2,49.9
OI779,S526,PRD001,2,39.9
OI780,S527,PRD001,2,39.9
OI781,S527,PRD006,1,49.9
OI782,S528,PRD002,2,39.9
OI783,S528,PRD006,1,49.9
OI784,S529,PRD002,2,39.9
OI785,S530,PRD001,2,39.9
OI786,S531,PRD005,1,49.9
OI787,S531,PRD004,2,49.9
OI788,S532,PRD006,2,49.9
OI789,S532,PRD006,1,49.9
OI790,S533,PRD004,2,49.9
OI791,S534,PRD003,1,39.9
OI792,S535,PRD001,2,39.9
OI793,S535,PRD005,1,49.9
OI794,S536,PRD003,1,39.9
OI795,S537,PRD006,1,49.9
OI796,S537,PRD005,2,49.9
OI797,S538,PRD003,1,39.9
OI798,S538,PRD004,2,49.9
OI799,S539,PRD005,2,49.9
OI800,S539,PRD001,2,39.9
OI801,S540,PRD003,1,39.9
OI802,S540,PRD006,1,49.9
OI803,S541,PRD006,1,49.9
OI804,S542,PRD005,2,49.9
OI805,S543,PRD005,1,49.9
OI806,S544,PRD005,2,49.9
OI807,S545,PRD004,1,49.9
OI808,S546,PRD005,2,49.9
OI809,S547,PRD001,1,39.9
OI810,S548,PRD003,1,39.9
OI811,S548,PRD001,2,39.9
OI812,S549,PRD004,2,49.9
OI813,S549,PRD005,2,49.9
OI814,S550,PRD006,1,49.9
OI815,S550,PRD002,1,39.9
OI816,S551,PRD002,2,39.9
OI817,S552,PRD002,2,39.9
OI818,S553,PRD001,1,39.9
OI819,S553,PRD003,1,39.9
OI820,S554,PRD001,2,39.9
OI821,S555,PRD002,2,39.9
OI822,S555,PRD003,1,39.9
OI823,S556,PRD001,2,39.9
OI824,S556,PRD002,1,39.9
OI825,S557,PRD002,2,39.9
OI826,S557,PRD005,1,49.9
OI827,S558,PRD004,2,49.9
OI828,S558,PRD003,1,39.9
OI829,S559,PRD006,2,49.9
OI830,S559,PRD001,1,39.9
OI831,S560,PRD001,2,39.9
OI832,S560,PRD003,1,39.9
OI833,S561,PRD001,2,39.9
OI834,S562,PRD001,1,39.9
OI835,S562,PRD005,1,49.9
OI836,S563,PRD001,2,39.9
OI837,S563,PRD005,2,49.9
OI838,S564,PRD001,1,39.9
OI839,S565,PRD002,2,39.9
OI840,S566,PRD004,2,49.9
OI841,S567,PRD002,2,39.9
OI842,S568,PRD005,2,49.9
OI843,S569,PRD002,1,39.9
OI844,S569,PRD004,1,49.9
OI845,S570,PRD003,2,39.9
OI846,S571,PRD006,2,49.9
OI847,S571,PRD005,1,49.9
OI848,S572,PRD001,1,39.9
OI849,S572,PRD006,1,49.9
OI850,S573,PRD004,1,49.9
OI851,S573,PRD002,2,39.9
OI852,S574,PRD005,2,49.9
OI853,S575,PRD002,1,39.9
OI854,S575,PRD001,2,39.9
OI855,S576,PRD003,2,39.9
OI856,S576,PRD003,2,39.9
OI857,S577,PRD002,1,39.9
OI858,S578,PRD002,2,39.9
OI859,S579,PRD004,2,49.9
OI860,S580,PRD002,2,39.9
OI861,S580,PRD004,1,49.9
OI862,S581,PRD006,2,49.9
OI863,S581,PRD003,1,39.9
OI864,S582,PRD002,2,39.9
OI865,S582,PRD004,2,49.9
OI866,S583,PRD005,2,49.9
OI867,S584,PRD005,1,49.9
OI868,S584,PRD006,1,49.9
OI869,S585,PRD006,1,49.9
OI870,S586,PRD006,2,49.9
OI871,S587,PRD002,1,39.9
OI872,S587,PRD004,2,49.9
OI873,S588,PRD003,1,39.9
OI874,S589,PRD001,2,39.9
OI875,S590,PRD003,2,39.9
OI876,S591,PRD006,1,49.9
OI877,S592,PRD005,2,49.9
OI878,S592,PRD002,2,39.9
OI879,S593,PRD004,1,49.9
OI880,S593,PRD005,1,49.9
OI881,S594,PRD002,2,39.9
OI882,S594,PRD004,1,49.9
OI883,S595,PRD001,2,39.9
OI884,S596,PRD001,1,39.9
OI885,S597,PRD003,2,39.9
OI886,S597,PRD003,1,39.9
OI887,S598,PRD006,1,49.9
OI888,S599,PRD005,2,49.9
OI889,S600,PRD005,2,49.9
OI890,S600,PRD006,1,49.9
OI891,S601,PRD004,2,49.9
OI892,S602,PRD003,2,39.9
OI893,S602,PRD003,2,39.9
OI894,S603,PRD006,2,49.9
OI895,S604,PRD006,2,49.9
OI896,S605,PRD004,1,49.9
OI897,S606,PRD006,2,49.9
OI898,S607,PRD005,2,49.9
OI899,S608,PRD006,1,49.9
OI900,S609,PRD003,2,39.9
OI901,S609,PRD004,1,49.9
OI902,S610,PRD002,1,39.9
OI903,S611,PRD001,1,39.9
OI904,S611,PRD002,2,39.9
OI905,S612,PRD002,1,39.9
OI906,S612,PRD006,1,49.9
OI907,S613,PRD004,2,49.9
OI908,S614,PRD003,1,39.9
OI909,S615,PRD002,2,39.9
OI910,S615,PRD002,1,39.9
OI911,S616,PRD001,1,39.9
OI912,S617,PRD002,2,39.9
OI913,S617,PRD006,2,49.9
OI914,S618,PRD003,1,39.9
OI915,S619,PRD002,2,39.9
OI916,S619,PRD003,1,39.9
OI917,S620,PRD005,2,49.9
OI918,S621,PRD004,1,49.9
OI919,S621,PRD006,1,49.9
OI920,S622,PRD006,1,49.9
OI921,S623,PRD001,1,39.9
OI922,S623,PRD006,2,49.9
OI923,S624,PRD006,1,49.9
OI924,S625,PRD002,1,39.9
OI925,S626,PRD006,1,49.9
OI926,S626,PRD002,1,39.9
OI927,S627,PRD001,2,39.9
OI928,S627,PRD003,1,39.9
OI929,S628,PRD006,2,49.9
OI930,S628,PRD002,1,39.9
OI931,S629,PRD003,2,39.9
OI932,S629,PRD002,2,39.9
OI933,S630,PRD006,1,49.9
OI934,S631,PRD002,1,39.9
OI935,S632,PRD004,1,49.9
OI936,S633,PRD005,1,49.9
OI937,S633,PRD001,1,39.9
OI938,S634,PRD005,1,49.9
OI939,S634,PRD001,1,39.9
OI940,S635,PRD003,2,39.9
OI941,S635,PRD005,2,49.9
OI942,S636,PRD003,2,39.9
OI943,S636,PRD001,1,39.9
OI944,S637,PRD006,1,49.9
OI945,S638,PRD002,1,39.9
OI946,S639,PRD005,1,49.9
OI947,S639,PRD002,2,39.9
OI948,S640,PRD004,2,49.9
OI949,S641,PRD005,1,49.9
OI950,S641,PRD002,2,39.9
OI951,S642,PRD006,2,49.9
OI952,S642,PRD001,2,39.9
OI953,S643,PRD001,1,39.9
OI954,S644,PRD005,2,49.9
OI955,S644,PRD004,2,49.9
OI956,S645,PRD005,2,49.9
OI957,S646,PRD003,2,39.9
OI958,S647,PRD003,2,39.9
OI959,S648,PRD004,2,49.9
OI960,S648,PRD004,1,49.9
OI961,S649,PRD005,1,49.9
OI962,S649,PRD004,2,49.9
OI963,S650,PRD005,2,49.9
OI964,S650,PRD005,2,49.9
OI965,S651,PRD001,1,39.9
OI966,S652,PRD002,2,39.9
OI967,S652,PRD002,2,39.9
OI968,S653,PRD006,2,49.9
OI969,S654,PRD004,1,49.9
OI970,S655,PRD001,1,39.9
OI971,S656,PRD003,1,39.9
OI972,S657,PRD006,1,49.9
OI973,S657,PRD005,1,49.9
OI974,S658,PRD002,2,39.9
OI975,S659,PRD003,1,39.9
OI976,S659,PRD002,2,39.9
OI977,S660,PRD005,1,49.9
OI978,S661,PRD001,1,39.9
OI979,S662,PRD004,2,49.9
OI980,S662,PRD001,2,39.9
OI981,S663,PRD006,1,49.9
OI982,S664,PRD002,2,39.9
OI983,S665,PRD006,2,49.9
OI984,S666,PRD002,1,39.9
OI985,S666,PRD002,2,39.9
OI986,S667,PRD003,2,39.9
OI987,S668,PRD003,2,39.9
OI988,S669,PRD001,2,39.9
OI989,S670,PRD001,2,39.9
OI990,S671,PRD005,2,49.9
OI991,S671,PRD003,1,39.9
OI992,S672,PRD005,1,49.9
OI993,S673,PRD006,1,49.9
OI994,S673,PRD002,2,39.9
OI995,S674,PRD004,1,49.9
OI996,S675,PRD006,2,49.9
OI997,S676,PRD006,1,49.9
OI998,S676,PRD004,1,49.9
OI999,S677,PRD002,2,39.9
OI1000,S678,PRD001,2,39.9
OI1001,S678,PRD004,2,49.9
OI1002,S679,PRD003,2,39.9
OI1003,S679,PRD003,2,39.9
OI1004,S680,PRD001,1,39.9
OI1005,S680,PRD001,2,39.9
OI1006,S681,PRD002,1,39.9
OI1007,S682,PRD005,2,49.9
OI1008,S682,PRD002,2,39.9
OI1009,S683,PRD005,1,49.9
OI1010,S683,PRD006,2,49.9
OI1011,S684,PRD005,1,49.9
OI1012,S685,PRD004,2,49.9
OI1013,S685,PRD006,2,49.9
OI1014,S686,PRD002,1,39.9
OI1015,S687,PRD003,2,39.9
OI1016,S687,PRD005,2,49.9
OI1017,S688,PRD005,2,49.9
OI1018,S689,PRD003,2,39.9
OI1019,S690,PRD003,1,39.9
OI1020,S691,PRD006,2,49.9
OI1021,S691,PRD006,1,49.9
OI1022,S692,PRD004,1,49.9
OI1023,S693,PRD004,2,49.9
OI1024,S694,PRD004,2,49.9
OI1025,S695,PRD003,1,39.9
OI1026,S696,PRD006,1,49.9
OI1027,S696,PRD004,2,49.9
OI1028,S697,PRD002,1,39.9
OI1029,S698,PRD006,1,49.9
OI1030,S698,PRD006,2,49.9
OI1031,S699,PRD002,2,39.9
OI1032,S700,PRD006,1,49.9
OI1033,S701,PRD006,1,49.9
OI1034,S701,PRD006,1,49.9
OI1035,S702,PRD006,2,49.9
OI1036,S703,PRD002,2,39.9
OI1037,S704,PRD006,1,49.9
OI1038,S704,PRD006,1,49.9
OI1039,S705,PRD006,1,49.9
OI1040,S706,PRD004,1,49.9
OI1041,S706,PRD004,1,49.9
OI1042,S707,PRD002,2,39.9
OI1043,S707,PRD002,1,39.9
OI1044,S708,PRD004,1,49.9
OI1045,S709,PRD006,2,49.9
OI1046,S709,PRD006,1,49.9
OI1047,S710,PRD002,2,39.9
OI1048,S710,PRD001,1,39.9
OI1049,S711,PRD002,1,39.9
OI1050,S712,PRD006,1,49.9
OI1051,S712,PRD006,1,49.9
OI1052,S713,PRD006,2,49.9
OI1053,S713,PRD005,2,49.9
OI1054,S714,PRD005,1,49.9
OI1055,S715,PRD001,1,39.9
OI1056,S715,PRD002,1,39.9
OI1057,S716,PRD005,1,49.9
OI1058,S716,PRD004,1,49.9
OI1059,S717,PRD004,2,49.9
OI1060,S718,PRD001,1,39.9
OI1061,S719,PRD005,2,49.9
OI1062,S719,PRD002,2,39.9
OI1063,S720,PRD003,1,39.9
OI1064,S721,PRD005,2,49.9
OI1065,S722,PRD003,1,39.9
OI1066,S722,PRD004,1,49.9
OI1067,S723,PRD006,2,49.9
OI1068,S724,PRD005,2,49.9
OI1069,S725,PRD001,1,39.9
OI1070,S726,PRD005,2,49.9
OI1071,S727,PRD004,2,49.9
OI1072,S727,PRD003,2,39.9
OI1073,S728,PRD003,1,39.9
OI1074,S729,PRD006,1,49.9
